search:2021	search:food	random	doormats	random2	drinks	random3	random4	random5	random6	random7	random8	random9
96104	92148	82565	95003	43906	97895	32543fam	83518	90976	88685	94292	92573	23190
96105	92152	92942	95912	38058	99095	98740	98425	91173	88734fam	96358	89889	25064
96094	92153	91208	90123	99572	44935	28532	17817	94625	89170	98007	97637	76857
96089	95694	85304	95669	89617	69070	93260	98366	88618	2843	63561	15615	90719
96102	94564	98293	95671	22585	35554	92476	98368	88659	98358	89905	91467	91669
98649	99577	87054	94846	91716	70501	92937	61520	98789	40087	94675	98331	81437
96084	97421	14886		43944	93828	97345	98345	77353	17693	68584	29402	60875
96093	17834	90076		89618	2680	97349	96168	98378	49784	97672	96158	67607
97600	82248	90088		17926	25081	63546	29369	73285	88805	97668	96450	89324
98651	7354	99592fam		99598	80384	89829	80369	98823	84401	83262	91455	98013
97599	97353	89758		23287	93807	90230	98038	63692	96151	90430	77668	69992fam
96085	22544	43906		86257	35563	93309	96662	96048	2672	96434	63556	97219
97601	96550	89614		17834	78588	17922	97350	98016	GIFTCERT01	95006	81952	97986
95744	98760	17937		22619	69073	32477	27116	99687	96068	95010	33449	96189
98653	22638	97282		22597	19475	35012	82412	81028	96357	96019	77785	95676
96101	22768	92042		94380	26345	32799	82854	95394	96512	94643	59657	67617
74092	28470	94384		34049	50566	93804	89505	95672	97115	43538	60493	79010
86460	22686	98785		94513	50597	32543fam	89627	2852	97156	97179	92542	91679
78835	94549	65504		69779	19476	98740	89834	96129	98088	98646	92704	83720
98347	95726	97838		97380	35596	28532	95589	98780	22543	80324	98834	55837
89608	22597	97837		94515	68117	93260	96154	94641	50539	98382	67833	95845
95744	97741	98093		56299	35593	98390	96195	92557	90774	98367	55836	82651
98421	36787	80688		80679	99108	59401	98346	96257	91908	97247	87516	68359
	22628	97741		22581	92152	94642	68973	68572	95396	94339	91192	94688
	86721	99120		23073	93801	96110	86288	93929	97588	94672	94725	94732
	97742	98294		94571	27140	92473	98790	89146	19105	97962	15621	92991
	97745	94223fam		86258	89542	97071	99429	81901	81075	86317	98427	98333
	95732	98725		96717	89582	97111	71805	82874	94251	88784fam	17839	96503
	86678	83705		70491	19470	19480	72039	97388	94738	34496	81059	98369
	35563	96305		38000	99101	23184	96155	50465	96277	92813	94645	87449
	78498	98293		43941	93819	90801	96074	78884	23379	96307	97651	92949
	65504	98291		31006	93820	96148	89840	86326	66916	98355	98623	76698
	22619	94158		94409	24229	96152	98381	86574	22119	92809	28804	32038
	96674	81513		63509	93814	98632	22545	87055	90766	97967	87048	21116
	94571	79369		98081	68234	67687	80184fam	87627	90892	91165	97628	58733
	68356	74062		22686	99089	94674	97624	97144	90932	17880	98442	86971
	97400	74064		94541	99073	94511	96213	98896	90973	36725	28835	94646
	78393	98874		17834	95699	23077	73637	19113	91210	92815	49288	69993fam
	42523	98547		45445	23391	67038	96696	6203	91454	22997	91696	89900
	81335	68197		130	72183	49327	92212	89623	96733	32022	98270	73465fam
	78475				68356	96142fam	97815	63535	86205	97151	89881	97534fam
	89878				72184	94344	97644	86760	88032	63956	93593	86975
	28178				96912	97305	96251	92529	99585	71901	96798	70550
	70404				68363	56123	75026	97646	98694	87374	49870	97656
	87381				63723	80383	96458	92095	92677	96653	94497	97903
	97420				86469	97079	43512	95754	99425	96734	96161	90975fam
	97423				87381	98099	96255	18919	93720	22556	97750	97814fam
	22594				15598	100295	89906	41851	86211	67615	35977	2339
	14742				99102	72452	57111	97773	2330	97660	92629	89835
	18870				82248	92874	60213	99282	90982	98085	87948	97611
	95718				96422	96604	87091	99322	96166	96613	96993	83244
	99338				71812	52015	99099	49889	53798	71899	97376	98734
	96621				93838	89385	92598	92818	96665	70941	49905	99321
	95724				83851	70023	97604	94438	96227	87077	32560	22736
	78396				50544	87665	89165fam	96062	70600	97269	32803	85323
	78382				93800	96043	18049	96265	73833	14751	98822	54708
	68363				89580	69131	50043	99293	83112	98773	36723	48929
	97762				93810	92708	27006	77454	86329	65402	68728	94597
	12933				96415	96731	94739	81373	84615fam	93307	96308	96233
	86580				68583	97578	72450	85720	86157fam	97984	96312	86166
	68355				25087	97582	89844	99329	28531	20910	97488	22571
	96683				34059	98635	93320	133	72675	92817	97612	54583
	96681				54061	33800	72294	65695	94502	92821	99723	86458
	98629				93874	35169	94633	89142	97216	98703	86121	96260
	26927				93811	68361	88570	97868	97394	56167	96259	91585
	98629				93850	86960	67625	24221	92812	21115	68370	96711
					99098	9-956	97954	94427	98082	65491	77136	77725fam
					95112	92535	96199	92691	98429	92545	28530	97471
					86460	95334	97392	98897	95330	96686	92313	88731fam
					15608	96063	70971	97636	97989	96754fam	90972	90923
					60294	98089	71001	86980	17929	23008	98626	82271
					95694	97953	22669	98275	83227	95329	98435	19096
					28481	98024	85316	98397	86801	19980	96303	43515
					15595	88807	31982	98441	97859	83230	96634	
					92148	94346	96886	98478	91164	96250	21545	
					83800	93130	73381	73457	22672	68727	96270	
					72150	95086	97123	97609	51882	1844	96907	
					43691	97884	98627	97654	69156	95341	96279	
					92153	91677	98668	97735	97666	60622	96241	
					71804	96614	72891	97816	99290	63539	98383	
					97897	96740	84230	97857	54867	92177	15597	
					86402	93306	84514	96064	22722	89511	98521	
					92143	79875	88939	93305	92544	92823	28446	
					93861	93266	14691	94602	91211	97238	98735	
					97727	93306	96836	96222	89616	80123fam	50693	
					92122	97983	21566	88147	65305	90928fam	93774	
					93863	28456	68210fam	24238	93864	88564	72703	
					86401	52021	96073	88572	52719	91790	15306	
					89570	94403	17677	92935	91753	98097	86133	
					86434	98706	67708	87087	96906	99328	44324	
					96418	4145	97980	90772	70601	88133fam	94644	
					97904	96909	37386	94417	76687	84229	52009	
					50568	93671	65498	97280	14758	87053	94250	
					92107	83716	52027	97233	9567689169	92585	98058	
					98861	96215	92560	63552	84256	29377	91193	
					95082	90377	27165	70603	95109	55129	90955	
					68230	87446	27818	22565	96045	84215	94419	
					97918	23087	65492	98370	97715	32595	98422	
					15619	93638	92546	6816	87606	98898	96256	
					98633	96620	92591	92940	89839	98443	92463	
					97728	98399	92631	97517	95832	81438	93313	
					84227	15483	63569	86961	93672	85457	97808fam	
					96409	94421	83260	93376	65324	99427	84588	
					36729	28458	93674	97704	87078	79481fam	97121	
					94708	52007	97076	97583	87082	28802	85752	
					97968fam	14695	30154	97619	94412	41849	28337	
					86445	61656	92633	60494	28454	77804	43528	
					7431	96174	97746	81892	28288	97292	77132	
						98246	98641	75311	93592	81218	99787	
						98237	93298	93316	43541	96532	28821	
						98372	93478fam	68212	46214	20944	90247	
						93974	19469	90807	86729	14754	96177	
						94293	45403	93485	93898	77936	21770	
						98389	97339	93809	99289	63559	90959	
						49816	90976	97378	97722	89827	97655	
						96481	91173	97382	90926	90253		